Suburb_Cod,Census_2011,easting,northing,x,y,totpedcr,totpedcr_after,ksi,popu,logpopu,popudens,children,yadults,hdpg,loweduc,avgeduc,informdwe,lowinc,unemplorate,lum,comuse,locbuse,gbuse,ginduse,freexpres,arterials,locdistr,rdnetwork,psl60,psl80,psl100,avgpsl,rintocul,int4plusleg,signalint,pctsingalint,intdens,linintdens,strdens,busrtes,brtrtes,railsta,mbustaxirtes,distocbd,nonrezuse
10,Bellville Teachers' Training College,-29646.39312,-3757073.773,18.679324,-33.940192,4,,0,462,2.665,1760.255,9.162,59.939,95.360,0.000,36.896,0.000,0.000,0.000,0.057,23.881,0.000,0.000,0.000,0.000,0.000,0.000,0.085,100.000,0.000,0.000,60.000,7.333,3.000,1.000,4.545,83.797,258.824,0.324,1.225,0.000,0.000,0.000,29.900,23.880
13,Bishopscourt,-51269.1149,-3762808.368,18.445109,-33.991058,3,,0,1706,3.232,736.851,19.596,13.401,22.770,4.070,29.394,0.000,19.940,3.472,0.203,0.000,0.099,0.000,0.000,1.523,1.251,0.000,23.742,100.015,0.000,0.000,60.310,4.867,19.000,3.000,4.110,31.537,3.075,10.257,20.662,0.000,0.000,4.636,13.500,0.100
23,Cape Peninsula National Park,-54190.72426,-3787434.455,18.411998,-34.212987,1,,0,305,2.484,1.856,17.783,23.626,65.830,15.483,51.945,4.157,43.430,9.938,0.136,7.650,0.000,0.000,0.000,2.507,33.328,0.000,89.453,74.570,9.171,0.000,47.640,1.962,11.000,0.000,0.000,0.944,1.733,0.545,70.021,0.000,0.000,13.281,46.500,7.650
28,Castle Rock,-48449.26325,-3790063.123,18.474109,-34.236887,0,,0,5908,3.771,13182.857,9.171,25.727,96.546,11.769,76.181,0.000,13.828,10.055,0.000,0.000,0.000,0.000,0.000,0.000,2.289,0.000,4.383,0.000,0.000,0.000,60.000,2.000,0.000,0.000,0.000,17.851,1.825,9.780,0.000,0.000,0.000,0.000,48.400,0.000
32,Clovelly,-52427.52971,-3777246.197,18.431705,-34.121155,1,,0,598,2.777,144.364,13.348,11.778,9.824,0.579,52.173,0.195,20.904,6.506,0.201,0.000,0.000,0.000,0.000,0.000,0.888,0.000,6.785,6.914,0.000,0.000,46.290,2.286,4.000,1.000,6.250,3.859,2.358,1.637,17.832,0.000,1.000,8.611,34.700,0.000
37,Da Gama Park,-54888.65551,-3781550.367,18.404756,-34.159829,0,,0,2467,3.392,1504.947,25.345,15.710,57.735,1.608,72.749,0.193,14.394,6.865,0.086,0.000,0.000,0.000,0.000,0.000,0.000,0.000,10.603,56.314,55.407,55.407,76.330,2.533,3.000,0.000,0.000,23.181,3.584,6.468,4.999,0.000,0.000,3.026,41.600,0.000
48,Erinvale Golf Estate,-10883.97418,-3770773.165,18.8821,-34.064058,1,,0,554,2.744,354.374,11.002,8.519,2.757,1.257,35.235,0.000,8.067,1.916,0.228,0.000,0.000,1.929,0.000,0.000,0.000,0.000,8.036,7.221,0.000,0.000,40.750,1.100,3.000,0.000,0.000,21.099,4.107,5.138,0.000,0.000,0.000,12.427,53.200,1.930
79,Kleine Zout Rivier Small Holdings,-49169.27704,-3729364.92,18.469701,-33.689661,0,,0,294,2.469,34.787,26.623,17.250,71.174,35.089,58.197,34.438,82.714,19.231,0.000,0.000,0.000,0.000,0.000,1.442,0.000,0.000,2.114,100.000,100.000,100.000,120.000,2.000,0.000,0.000,0.000,1.182,4.730,0.250,151.233,8.393,0.000,110.008,45.300,0.000
91,Llandudno,-60818.2243,-3765597.221,18.34157,-34.015689,0,,0,614,2.788,212.289,16.132,8.131,12.565,1.185,32.069,0.175,23.450,7.682,0.353,0.956,0.000,0.000,0.000,0.000,0.723,0.000,9.804,77.641,4.584,4.584,51.430,1.833,0.000,0.000,0.000,11.409,3.366,3.390,2.892,2.331,0.000,1.943,16.100,0.960
110,Morning Star Small Holdings,-43345.71584,-3736300.303,18.532167,-33.752439,0,,0,519,2.715,355.299,18.714,14.452,23.262,4.871,67.024,1.666,25.839,9.083,0.021,0.000,0.000,0.000,0.000,0.000,0.000,0.339,4.582,9.567,0.000,0.000,50.000,1.286,0.000,0.000,0.000,6.164,1.964,3.138,0.380,0.000,0.000,0.000,32.000,0.000
128,Pella,-44444.13056,-3712694.263,18.521492,-33.539573,1,,0,1692,3.228,3382.062,27.674,16.123,99.136,22.511,73.763,5.670,76.569,29.012,0.286,1.554,0.000,0.437,0.000,0.000,0.000,0.450,6.593,100.000,15.283,15.283,69.630,3.111,8.000,0.000,0.000,55.966,4.247,13.178,26.905,7.358,0.000,22.635,57.600,1.990
129,Philadelphia,-38691.31193,-3726766.033,18.582818,-33.666663,0,,0,590,2.771,1371.722,30.650,13.059,65.069,26.903,54.788,5.806,43.334,12.286,0.237,0.000,0.000,0.206,2.312,0.000,0.318,0.000,3.559,32.406,10.248,10.248,47.140,2.000,4.000,0.000,0.000,27.895,3.372,8.273,0.000,0.000,0.000,1.088,41.200,2.520
136,Pollsmoor,-51635.46777,-3771554.264,18.440627,-34.069883,0,,0,2279,3.358,1826.815,9.119,41.689,92.672,2.313,82.619,0.000,13.033,2.829,0.000,0.000,0.000,0.000,0.000,0.785,0.099,0.000,2.097,100.000,60.655,60.655,90.000,11.000,13.000,0.000,0.000,35.272,20.982,1.681,4.295,0.000,0.000,6.171,21.800,0.000
140,Robben Island,-58414.87716,-3742264.372,18.36914,-33.805483,0,,0,125,2.096,24.086,18.988,18.309,83.726,2.928,74.107,0.000,38.401,3.694,0.000,0.000,0.000,0.000,0.000,0.000,0.000,0.000,0.000,0.000,0.000,0.000,0.000,13.000,0.000,0.000,0.000,5.018,0.000,0.000,0.000,0.000,0.000,0.000,13.800,0.000
145,Scarborough,-57149.68939,-3785506.378,18.379977,-34.195369,0,,0,1150,3.061,298.676,23.352,10.485,26.528,1.714,49.104,2.298,26.047,4.213,0.106,0.903,0.000,0.290,0.000,0.000,3.651,0.000,9.340,29.468,4.317,4.317,46.280,1.696,4.000,0.000,0.000,10.129,4.176,2.426,3.387,0.000,0.000,0.000,47.100,1.190
149,Sheraton Park,-49131.40171,-3772384.135,18.467706,-34.077484,1,,0,3153,3.499,10171.191,27.326,16.560,99.457,14.683,70.098,1.198,65.116,18.836,0.343,0.194,0.000,13.937,0.000,0.000,0.289,0.000,5.617,94.807,0.000,0.000,57.040,3.417,8.000,0.000,0.000,132.255,7.299,18.119,12.293,0.000,0.000,9.318,24.700,14.130
137,Red Hill,-54486.23271,-3786126.82,18.408832,-34.201105,1,,0,1102,3.042,3238.741,24.159,17.722,97.238,24.349,71.629,95.083,95.742,35.229,0.039,0.000,0.000,0.000,114.065,0.000,1.054,0.000,1.904,100.000,0.000,0.000,60.000,1.429,0.000,0.000,0.000,29.397,5.252,5.597,3.606,0.000,0.000,0.000,45.500,114.060
155,Somerset West Non Urban,-7877.108619,-3777268.093,18.914578,-34.122685,1,,0,1652,3.218,7.794,23.217,13.222,48.817,12.407,54.000,0.648,24.494,8.028,0.244,0.000,1.439,0.000,0.000,24.565,0.261,0.178,61.317,66.873,49.386,26.095,59.610,2.111,6.000,1.000,1.316,0.358,1.239,0.289,0.000,0.000,0.000,20.940,54.400,1.440
172,Tokai,-51672.71974,-3770543.905,18.440284,-34.060773,7,,0,3928,3.594,2256.825,16.920,10.271,12.531,0.896,39.308,0.000,8.349,2.162,0.222,3.728,0.000,0.531,0.000,0.659,2.235,0.000,28.194,94.190,5.838,4.559,57.500,2.489,21.000,2.000,1.709,67.218,4.150,16.198,6.333,0.000,0.000,14.117,21.500,4.260
174,University of Cape Town,-49841.16477,-3759032.165,18.460779,-33.957084,1,,0,505,2.703,1163.465,0.485,96.873,65.552,0.000,0.000,0.000,0.000,0.000,0.090,36.334,0.000,0.000,0.000,1.348,0.266,0.000,2.685,100.000,50.139,0.000,70.000,2.083,2.000,0.000,0.000,57.616,9.311,6.188,0.000,0.000,0.000,0.000,7.500,36.330
177,Vissershok,-42286.39295,-3737896.498,18.543525,-33.766872,0,,0,351,2.546,686.010,30.373,18.135,100.000,51.409,48.591,77.922,96.433,59.156,0.000,0.000,0.000,0.000,0.000,0.168,0.000,0.000,0.204,100.000,99.368,99.368,100.000,1.600,0.000,0.000,0.000,15.628,39.216,0.399,2.842,0.000,0.000,6.004,26.700,0.000
189,Zeekoei Vlei,-46202.35225,-3771308.944,18.499496,-34.067925,1,,0,440,2.643,172.515,21.513,13.643,52.117,5.302,45.643,1.076,16.919,2.692,0.275,3.100,0.000,0.311,0.000,0.000,0.000,0.000,2.451,43.704,0.000,0.000,51.430,1.375,0.000,0.000,0.000,4.315,4.488,0.961,0.000,0.000,0.000,0.000,23.200,3.410
33,Coniston Park,-48414.59646,-3772344.72,18.475474,-34.077163,10,,1,1853,3.268,6056.633,19.216,15.714,96.837,8.629,85.709,0.161,44.362,18.923,0.108,0.000,0.000,2.523,0.000,0.000,0.988,0.000,5.662,100.000,0.000,0.000,60.430,3.875,10.000,2.000,6.452,101.337,5.475,18.509,12.977,0.000,0.000,11.498,25.200,2.520
36,Croydon,-22683.6386,-3767692.472,18.754362,-34.036096,5,,1,889,2.949,495.251,26.116,14.818,80.685,15.613,45.748,2.472,32.198,13.749,0.361,0.000,0.000,0.914,34.463,0.000,5.245,0.000,24.403,56.311,29.676,10.204,47.770,6.000,23.000,1.000,1.190,46.820,3.442,13.602,72.273,0.000,1.000,11.193,38.700,35.370
72,Kalk Bay,-50948.25486,-3778052.917,18.447691,-34.1285,13,,1,738,2.868,2102.779,13.793,13.133,39.595,7.862,44.456,0.000,22.896,7.624,0.488,0.604,0.000,0.614,0.000,0.000,1.436,0.000,5.702,71.655,1.335,1.335,58.640,2.105,2.000,2.000,5.000,114.027,7.015,16.255,26.636,0.000,1.000,12.894,31.800,1.210
74,Kenridge,-33692.99082,-3748069.557,18.635899,-33.858895,7,,1,3744,3.573,2105.980,19.869,12.061,11.993,0.605,43.457,0.129,15.786,4.074,0.387,4.809,0.698,1.932,0.000,0.000,4.047,0.876,28.151,99.822,0.000,0.000,59.950,4.241,23.000,7.000,5.691,69.190,4.369,15.836,59.436,0.000,0.000,9.901,26.400,7.440
82,Kommetjie,-60272.73798,-3779230.416,18.346532,-34.138618,9,,1,3573,3.553,626.505,23.200,10.706,9.397,1.325,44.323,0.181,17.783,4.353,0.528,3.367,0.000,2.234,6.823,0.000,3.672,0.120,34.474,74.331,12.064,12.064,55.800,1.464,28.000,1.000,0.704,24.900,4.119,6.045,82.426,0.000,0.000,21.691,39.200,12.420
86,Kuils River Small Holdings,-25625.48685,-3758930.012,18.722763,-33.957036,3,,1,642,2.807,37.162,26.949,13.644,82.438,31.136,48.751,27.246,50.787,10.909,0.111,0.000,0.000,3.399,7.810,0.000,2.812,0.124,21.624,89.533,35.208,33.983,60.510,1.839,15.000,3.000,5.263,3.300,2.636,1.252,0.000,0.000,0.000,3.270,32.900,11.210
101,Meadowridge,-50404.89346,-3767566.051,18.454188,-34.03399,12,,1,3415,3.533,1834.484,17.562,13.223,12.610,1.096,46.776,0.000,17.171,2.717,0.295,23.856,0.342,1.374,0.000,2.516,0.803,0.000,27.908,99.424,2.214,2.214,60.240,7.895,11.000,1.000,0.667,80.589,5.375,14.994,4.609,0.000,0.000,5.553,16.900,25.570
105,Milnerton Non Urban,-46591.24151,-3735515.036,18.497183,-33.745237,9,,1,3519,3.546,36.963,27.326,11.803,60.127,10.262,52.668,3.951,23.852,5.309,0.193,0.000,0.000,170.252,16.312,5.908,22.375,7.430,116.990,99.454,7.441,7.172,59.720,5.034,34.000,4.000,2.740,1.534,1.248,1.229,609.853,52.322,0.000,746.446,33.700,186.560
109,Montevideo,-38785.63065,-3759713.221,18.580353,-33.96369,2,,1,870,2.939,786.671,31.288,15.097,97.546,4.401,65.531,0.000,23.027,11.037,0.308,0.000,0.080,9.453,3.017,1.389,0.000,0.000,3.848,100.000,21.014,17.027,67.500,5.167,2.000,0.000,0.000,28.035,8.056,3.480,47.986,4.107,0.000,11.308,18.400,12.550
123,Panorama,-39492.16436,-3750669.398,18.573115,-33.882132,7,,1,5621,3.750,2886.095,15.758,12.215,28.249,2.185,54.979,0.220,18.010,2.959,0.383,2.313,4.079,0.000,0.000,1.279,4.255,0.001,31.409,99.623,2.956,2.480,60.580,7.545,14.000,7.000,4.217,85.228,5.285,16.126,14.061,0.000,0.000,20.220,19.500,6.390
157,St James,-50288.76018,-3777168.703,18.454891,-34.120561,6,,1,524,2.719,1428.973,17.650,7.129,13.921,0.000,32.639,0.493,15.906,0.000,0.253,0.000,0.000,0.123,0.000,0.000,1.917,0.000,5.257,59.635,0.000,0.000,55.970,1.933,1.000,0.000,0.000,79.069,5.516,14.333,28.760,0.000,1.000,13.913,30.400,0.120
159,Steenberg Estate,-53383.30955,-3771916.488,18.421671,-34.073061,6,,1,853,2.931,217.963,21.596,10.142,10.164,2.196,34.404,0.000,15.553,1.938,0.166,0.000,0.000,0.000,0.000,1.013,1.210,0.000,18.050,24.215,7.683,0.000,38.640,1.857,5.000,1.000,2.564,9.965,2.161,4.612,3.943,0.000,0.000,16.474,24.500,0.000
161,Stonehurst Mountain Estate,-51685.7358,-3773188.875,18.439986,-34.084616,3,,1,721,2.858,1434.336,26.735,12.148,9.324,1.801,23.656,0.000,7.167,3.344,0.363,0.486,0.000,0.000,0.000,0.448,0.000,0.000,7.612,18.583,0.000,0.000,25.880,2.333,2.000,0.000,0.000,41.767,2.759,15.140,1.585,0.000,0.000,3.825,23.900,0.490
166,Sybrand Park,-46278.82078,-3758979.574,18.49932,-33.956773,5,,1,1636,3.214,3462.762,21.910,16.636,70.282,3.369,57.800,0.164,20.766,5.383,0.240,0.747,1.671,0.000,0.000,1.442,1.731,0.000,10.385,100.000,10.605,10.605,61.950,7.000,16.000,2.000,5.714,74.064,3.370,21.976,150.808,0.000,0.000,61.171,10.500,2.420
173,Tygerberg Hospital,-35703.74046,-3753874.92,18.613935,-33.911166,6,,1,2122,3.327,2058.410,15.103,40.815,74.871,0.000,0.000,0.000,0.000,0.000,0.018,120.048,0.000,0.654,0.000,0.472,0.000,0.000,3.038,100.000,0.000,0.000,60.000,8.333,11.000,3.000,6.000,48.510,16.458,2.947,178.022,0.000,0.000,31.026,23.700,120.700
184,Wingfield,-43072.0118,-3752978.456,18.534306,-33.902809,4,,1,3276,3.515,1108.377,11.499,18.322,93.452,5.144,74.784,2.335,16.974,8.777,0.046,0.000,0.000,3.830,0.000,2.789,0.753,0.000,18.891,44.321,9.143,9.143,44.590,3.941,8.000,3.000,4.478,22.666,3.547,6.391,203.802,0.000,0.000,125.564,13.200,3.830
26,Capri,-56775.6507,-3779336.493,18.384438,-34.139771,9,,2,3274,3.515,720.487,22.500,10.520,16.601,2.367,52.859,0.546,20.461,3.653,0.400,0.000,0.000,1.316,12.946,0.000,1.867,1.794,20.223,88.673,0.000,0.000,52.160,1.719,15.000,2.000,1.818,24.210,5.439,4.451,116.246,0.000,0.000,22.795,36.700,14.270
51,Firgrove,-19509.10789,-3769957.761,18.788688,-34.056581,7,,2,1912,3.281,3024.039,20.066,15.844,96.014,11.152,78.318,1.129,40.790,18.561,0.284,2.556,0.000,0.787,0.212,2.947,3.525,0.000,13.479,98.965,44.653,38.890,66.480,2.545,11.000,2.000,7.143,44.293,2.077,21.322,95.547,0.000,0.000,57.556,41.200,3.560
58,Glencairn,-52811.81532,-3781577.001,18.427276,-34.160176,9,,2,1682,3.226,1082.144,13.628,9.878,15.333,1.825,52.765,0.255,23.389,4.566,0.310,0.000,0.839,7.994,0.000,0.207,1.924,0.000,19.010,95.906,10.434,10.434,63.010,1.707,6.000,2.000,2.857,45.023,3.682,12.227,117.110,0.000,1.000,10.301,37.900,8.830
66,Heathfield,-48759.88038,-3768795.869,18.471932,-34.045154,19,,2,7395,3.869,2744.330,16.521,12.223,81.304,4.525,62.954,1.741,28.665,8.478,0.454,9.877,0.277,12.452,25.271,0.368,0.319,0.559,35.210,100.000,0.000,0.000,60.000,2.905,40.000,3.000,1.230,90.555,6.930,13.067,26.875,0.000,1.000,2.518,12.700,47.880
68,Helderberg Small Holdings,-9727.261109,-3777334.299,18.894559,-34.123221,10,,2,990,2.996,70.335,23.229,15.940,40.840,11.362,55.525,2.545,45.265,7.460,0.172,3.286,0.000,1.300,0.000,0.107,10.150,1.205,29.000,78.376,41.970,20.015,68.180,1.400,11.000,3.000,4.762,4.474,2.172,2.060,6.277,0.000,0.000,77.949,53.700,4.590
87,Lakeside,-49471.3836,-3773502.165,18.46396,-34.087547,14,,2,4053,3.608,1408.112,17.162,10.487,18.082,2.365,55.903,0.000,21.483,4.676,0.225,2.784,0.000,1.870,0.000,0.000,3.585,0.000,22.890,97.351,0.000,0.000,58.770,3.541,21.000,1.000,0.763,45.510,5.723,7.952,10.526,0.000,1.000,9.333,27.300,4.650
95,Maitland Garden Village,-47646.52777,-3756451.058,18.484661,-33.933917,9,,2,1859,3.269,3411.689,21.334,14.828,92.298,26.252,67.746,0.768,56.624,21.526,0.438,27.927,0.000,0.031,0.000,1.496,0.000,0.000,5.804,89.487,29.145,0.000,60.000,5.300,9.000,0.000,0.000,97.249,9.132,10.650,8.172,0.000,0.000,5.685,8.600,27.960
96,Mamre,-48877.15132,-3709871.769,18.47392,-33.513933,11,,2,9123,3.960,4875.713,25.733,16.230,97.820,17.572,76.776,1.000,63.680,26.500,0.391,10.364,1.742,1.359,6.087,0.000,1.039,2.601,29.297,95.586,2.042,2.042,59.480,8.167,27.000,1.000,0.680,78.567,5.018,15.658,133.486,18.226,0.000,18.174,55.200,19.550
114,Newlands,-50440.93721,-3761222.064,18.454163,-33.976797,34,,2,5430,3.735,1558.984,14.822,16.238,18.041,1.674,29.398,0.131,11.764,3.808,0.470,38.826,1.925,7.883,8.234,3.180,7.058,0.000,47.267,100.000,3.227,0.000,60.040,3.543,45.000,11.000,4.435,71.205,5.247,13.571,33.137,0.000,1.000,12.883,12.000,56.870
150,Silvermine,-52962.22145,-3774533.934,18.426078,-34.096678,4,,2,0,#NUM!,0.000,0.000,0.000,0.000,0.000,0.000,0.000,0.000,0.000,0.067,0.000,0.000,0.000,0.000,7.420,2.751,0.000,18.695,100.000,54.091,0.000,65.000,2.200,2.000,1.000,3.030,1.468,1.765,0.832,2.019,0.000,0.000,3.385,28.500,0.000
99,Marina da Gama,-48350.59465,-3773463.323,18.476106,-34.08725,9,,2,3588,3.555,3102.364,16.174,10.361,25.375,1.007,52.044,0.077,15.619,5.109,0.336,0.000,0.000,1.351,0.000,0.000,0.175,0.000,12.731,99.950,0.000,0.000,60.070,1.542,10.000,2.000,2.703,63.980,5.813,11.007,1.528,0.000,0.000,2.690,24.800,1.350
164,Sun Valley,-56151.62605,-3777713.816,18.391309,-34.125177,23,,2,5207,3.717,1881.546,22.231,11.511,15.273,1.669,63.798,0.241,23.642,4.501,0.453,4.093,0.000,19.203,2.948,1.787,3.019,0.000,33.184,92.717,1.010,0.000,57.080,1.901,24.000,5.000,3.247,55.652,4.641,11.992,79.357,0.000,0.000,24.680,34.700,26.240
165,Sunningdale,-47371.80805,-3742181.555,18.488401,-33.805288,15,,2,5669,3.754,3285.165,21.425,6.911,11.573,0.858,49.719,0.407,17.401,3.061,0.382,0.000,0.000,12.135,0.000,1.264,2.574,3.637,31.789,67.078,0.000,0.000,47.290,8.632,29.000,4.000,2.439,95.036,5.159,18.421,95.516,18.462,0.000,84.977,19.800,12.140
169,Tamboerskloof,-55192.34911,-3755968.057,18.403081,-33.929195,3,,2,3197,3.505,3069.201,10.943,15.522,21.339,0.747,24.161,0.040,15.284,2.977,0.455,10.446,0.000,0.188,0.000,0.000,0.373,0.000,13.130,99.927,0.000,0.000,59.700,2.600,29.000,2.000,1.923,99.853,7.921,12.606,1.960,1.115,0.000,1.394,2.700,10.640
11,Bergvliet,-50533.46662,-3768834.116,18.452723,-34.045415,16,,3,4733,3.675,1893.527,19.625,13.145,11.902,0.721,43.562,0.030,12.133,4.074,0.259,14.808,0.951,0.000,0.000,3.462,4.099,0.001,48.045,100.000,5.454,5.454,60.370,6.710,36.000,5.000,2.404,83.212,4.329,19.221,20.358,0.000,0.000,10.101,18.700,15.760
31,Clifton,-57676.85829,-3757045.336,18.376141,-33.938773,10,,3,542,2.734,882.981,11.305,11.871,19.431,4.036,41.691,0.000,27.604,2.191,0.302,0.000,0.000,0.991,0.000,0.000,3.017,0.000,5.315,100.000,0.000,0.000,60.000,3.429,1.000,0.000,0.000,39.098,4.516,8.659,21.650,13.986,0.000,18.649,7.600,0.990
50,Fairways,-46818.47854,-3766305.504,18.49309,-34.022792,14,,3,2990,3.476,5037.725,15.417,11.990,88.748,4.371,66.256,0.573,21.666,8.652,0.144,1.866,0.000,0.782,0.000,0.603,0.087,0.080,11.412,100.000,0.000,0.000,60.560,6.571,20.000,1.000,2.174,77.499,4.031,19.226,4.906,0.000,0.000,9.026,18.700,2.650
80,Klipheuwel,-27258.76514,-3731951.285,18.705927,-33.713767,4,,3,2441,3.387,1115.603,32.477,19.097,92.708,30.756,64.402,54.184,81.016,24.391,0.174,0.000,0.000,0.045,0.000,0.000,0.424,0.000,10.447,15.046,5.164,0.000,26.120,1.217,2.000,0.000,0.000,12.799,2.680,4.775,0.000,0.000,0.000,1.582,46.300,0.040
115,Noordhoek,-57663.73989,-3775628.072,18.375054,-34.106294,6,,3,4772,3.679,212.646,22.090,10.280,23.246,2.556,48.995,6.806,26.638,9.518,0.473,3.536,0.000,1.434,0.000,2.249,6.623,0.000,56.854,63.773,6.029,0.576,45.400,1.588,15.000,0.000,0.000,9.624,3.799,2.533,56.041,0.000,0.000,10.857,32.400,4.970
125,Parkwood,-46680.45603,-3767632.836,18.494513,-34.034764,47,,3,11941,4.077,9269.100,27.240,17.617,98.444,26.272,70.445,7.015,73.100,36.532,0.436,27.809,0.061,0.520,0.000,3.409,0.655,0.572,16.868,100.000,0.000,0.000,60.640,9.100,18.000,6.000,6.593,70.641,5.395,13.094,40.849,0.000,0.000,35.737,18.200,28.390
167,Table Mountain Nature Reserve,-54842.94849,-3760600.324,18.406565,-33.970975,10,,3,118,2.072,2.124,19.629,19.828,73.689,0.000,65.301,0.000,11.403,10.625,0.213,54.419,0.000,0.563,0.000,7.007,12.646,0.338,53.707,85.165,31.485,14.322,63.700,2.033,5.000,0.000,0.000,1.097,1.136,0.966,63.172,56.209,0.000,125.432,7.200,54.980
178,Vredehoek,-53188.15269,-3757075.05,18.424688,-33.939277,14,,3,5780,3.762,4125.526,13.482,14.603,17.023,1.426,32.426,0.066,19.298,3.599,0.438,5.048,0.541,0.347,0.000,1.815,0.001,0.000,26.304,100.000,0.111,0.000,60.150,3.821,46.000,2.000,1.342,106.357,5.665,18.776,0.000,4.414,0.000,7.196,3.400,5.940
188,Ysterplaat Airbase,-46544.18388,-3753130.728,18.49676,-33.904034,4,,3,892,2.950,320.882,23.917,22.962,81.823,0.000,87.605,0.000,1.784,2.914,0.196,1.573,0.099,9.605,0.000,4.294,1.050,0.000,6.254,100.000,71.954,64.676,75.560,8.400,4.000,1.000,2.381,15.115,6.716,2.251,32.798,1.587,0.000,85.681,8.700,11.280
41,Dreyersdal,-50461.34019,-3770274.439,18.453421,-34.058403,14,,4,2265,3.355,1420.156,13.235,9.367,15.935,1.180,47.726,0.042,27.443,3.312,0.462,14.975,0.000,17.850,0.000,3.451,0.145,0.000,17.124,93.657,16.508,16.508,57.910,1.377,18.000,6.000,8.219,45.766,4.263,10.736,8.093,0.000,0.000,4.644,23.200,32.830
49,Eversdal,-32116.12524,-3748643.465,18.652918,-33.864119,37,,4,17673,4.247,2312.506,18.023,14.727,12.640,1.451,44.476,0.171,13.066,2.966,0.355,38.032,14.921,4.746,0.000,2.423,13.549,5.623,112.791,96.613,1.741,1.741,58.420,3.640,56.000,15.000,2.964,66.208,4.486,14.758,144.201,0.000,0.000,46.044,27.700,57.700
55,Foreshore,-51706.91635,-3753974.007,18.440893,-33.911395,18,,4,804,2.905,139.659,0.139,24.255,58.454,0.000,14.452,0.000,4.381,0.000,0.120,0.000,0.000,9.569,0.000,4.110,0.003,0.000,18.085,100.000,18.604,0.000,63.730,2.529,9.000,3.000,6.977,7.471,2.378,3.142,44.438,0.000,0.000,83.624,5.300,9.570
56,Freedom Park Airport,-36992.87951,-3758256.792,18.599811,-33.950625,10,,4,1986,3.298,6074.277,29.399,18.730,99.734,27.899,71.154,96.696,95.987,60.832,0.000,0.000,0.000,0.000,0.000,1.454,0.000,0.000,0.710,100.000,0.000,0.000,60.000,1.750,1.000,1.000,7.143,42.819,19.718,2.172,90.274,0.000,0.000,20.794,21.300,0.000
81,Knole Park,-43388.49755,-3767109.373,18.530186,-34.030187,10,,4,3009,3.478,2556.898,29.927,17.965,97.687,26.902,68.305,56.091,71.921,26.056,0.296,0.000,0.000,0.248,0.000,0.000,1.295,0.000,7.224,86.274,0.000,0.000,58.570,1.786,6.000,2.000,8.000,21.247,3.461,6.140,16.659,0.000,0.000,6.385,20.000,0.250
102,Melkbosstrand,-51073.33596,-3733041.668,18.448954,-33.722722,20,,4,12078,4.082,877.569,22.882,11.257,16.751,3.514,51.221,0.216,18.149,5.612,0.421,23.537,0.000,9.662,0.000,5.776,5.879,9.026,93.677,72.909,12.712,10.430,48.610,2.171,47.000,3.000,0.987,22.088,3.245,6.806,716.537,59.005,0.000,746.823,30.100,33.200
118,Ocean View,-59608.14836,-3780429.947,18.353655,-34.14947,28,,4,13726,4.138,7822.996,25.815,16.861,98.762,24.825,71.206,6.037,64.352,20.133,0.520,32.706,0.000,2.491,0.000,0.000,1.565,0.000,30.257,98.969,0.000,0.000,60.030,4.000,25.000,2.000,1.250,91.193,5.288,17.245,102.145,0.000,0.000,16.266,39.800,35.200
119,Oranjezicht,-54200.69863,-3757213.579,18.413728,-33.940474,11,,4,3827,3.583,3387.887,13.872,13.780,20.554,1.752,28.901,0.223,20.608,3.589,0.411,0.000,0.000,2.897,0.000,0.270,1.016,0.000,17.118,100.000,0.000,0.000,60.000,5.130,29.000,3.000,2.542,104.469,6.893,15.155,0.000,7.242,0.000,10.317,3.000,2.900
121,Oude Molen Village,-47373.17555,-3757283.851,18.487573,-33.941437,8,,4,576,2.760,1082.039,5.139,4.454,87.343,4.090,59.130,8.673,100.000,11.715,0.201,9.039,0.000,1.645,0.000,3.024,1.271,0.000,6.571,84.394,55.705,0.000,69.570,6.000,2.000,2.000,11.111,33.822,2.739,12.347,76.133,5.381,0.000,21.131,10.200,10.680
132,Phoenix,-45628.9176,-3749860.108,18.506825,-33.874589,11,,4,4492,3.652,13156.374,28.889,15.170,92.156,6.821,74.892,5.527,39.760,15.078,0.428,0.565,0.000,1.710,9.135,0.000,0.346,3.133,7.827,100.000,0.000,0.000,60.000,3.240,10.000,1.000,1.235,237.221,10.349,22.923,0.000,0.831,0.000,18.119,12.600,11.420
134,Plattekloof,-38761.86494,-3749396.908,18.581066,-33.870688,16,,4,4796,3.681,1609.789,18.073,13.575,30.285,2.904,46.603,0.077,13.516,3.209,0.471,0.000,16.289,3.771,0.000,0.630,4.017,0.000,33.868,92.253,12.934,1.152,56.210,2.641,20.000,7.000,4.142,56.726,4.990,11.368,22.470,0.000,0.000,15.348,19.900,20.060
181,Welgelegen,-40135.89189,-3749315.037,18.566219,-33.869898,15,,4,6503,3.813,2686.851,15.198,15.470,17.456,2.009,52.839,0.160,18.504,3.025,0.390,21.257,0.857,0.000,0.000,0.000,8.159,1.370,39.430,93.425,4.222,0.000,56.660,2.863,27.000,7.000,4.795,60.326,3.703,16.292,57.934,0.000,0.000,15.238,18.400,22.120
187,Youngsfield,-47048.05932,-3764975.802,18.490676,-34.010795,13,,4,921,2.964,374.732,16.984,16.244,76.868,3.032,61.092,0.000,16.991,5.000,0.432,47.219,1.125,0.000,1.603,5.467,3.254,0.012,15.590,95.578,12.813,9.083,60.900,5.000,5.000,4.000,6.667,24.416,3.849,6.344,122.476,0.000,2.000,81.949,16.900,49.940
8,Bellville Park,-34197.28866,-3750210.357,18.630366,-33.878179,24,,5,1626,3.211,750.664,7.122,22.491,46.786,0.399,41.775,0.000,16.429,2.997,0.495,105.739,24.918,46.461,3.396,1.383,7.253,0.443,13.899,97.205,6.411,6.411,61.370,2.897,33.000,13.000,15.476,38.787,6.044,6.418,45.769,0.000,0.000,13.062,24.700,180.520
40,Doornbach,-42909.08535,-3742864.82,18.536562,-33.811639,18,,5,5559,3.745,7324.155,27.859,18.106,99.792,24.360,74.594,98.843,98.892,51.632,0.260,0.000,0.000,0.360,52.581,0.000,0.667,0.000,6.071,44.158,6.507,6.507,35.330,2.692,4.000,1.000,2.857,46.110,5.765,7.998,17.969,3.947,0.000,50.698,20.200,52.940
108,Monte Vista,-41026.09691,-3750552.029,18.556541,-33.881016,12,,5,7471,3.873,3346.414,16.769,11.862,15.794,1.836,61.190,0.093,17.376,5.526,0.240,3.508,0.092,2.520,0.000,1.501,3.066,2.046,45.319,100.000,2.440,2.440,60.340,11.500,76.000,5.000,2.174,103.024,5.075,20.300,88.951,0.000,0.000,38.149,16.200,6.120
139,Richwood,-42266.29969,-3745167.183,18.543394,-33.832421,12,,5,3182,3.503,4147.405,22.953,12.320,26.492,2.149,70.530,0.232,18.779,6.967,0.431,0.000,0.000,1.406,0.000,1.196,0.000,0.511,14.343,100.000,11.736,10.147,60.970,1.756,17.000,2.000,2.532,102.974,5.508,18.696,18.970,4.277,0.000,8.154,20.700,1.410
160,Stikland Hospital,-31578.39644,-3752104.92,18.658605,-33.89534,7,,5,2154,3.333,1478.364,1.572,15.799,81.762,6.024,52.049,1.538,26.124,0.000,0.000,140.203,0.000,0.000,0.000,0.000,1.355,0.000,2.329,48.379,0.000,0.000,55.000,7.250,2.000,1.000,3.448,19.900,12.452,1.598,10.839,0.000,0.000,29.370,27.100,140.200
170,Thornton,-43300.12053,-3755326.485,18.531725,-33.923967,23,,5,6107,3.786,2848.484,21.716,15.369,77.912,61.406,9.104,3.726,18.362,66.017,0.513,15.842,0.232,5.019,7.085,2.807,3.391,0.000,30.094,94.809,0.000,0.000,54.670,3.032,30.000,5.000,2.618,89.081,6.347,14.036,148.031,0.000,1.000,75.173,11.600,28.170
182,Welgemoed,-35915.70629,-3749271.75,18.611831,-33.869661,23,,5,21043,4.323,1828.174,19.107,11.242,14.463,1.758,37.077,0.084,12.085,2.493,0.470,47.764,19.739,3.857,0.000,2.785,11.655,8.337,136.637,85.557,1.397,1.397,55.340,4.062,74.000,13.000,2.462,45.871,3.864,11.871,48.548,0.000,0.000,14.163,23.900,71.360
16,Bloubergstrand,-49262.479,-3741585.186,18.468017,-33.799826,25,,6,11937,4.077,3018.666,19.868,11.127,19.620,1.248,49.358,0.103,17.711,5.349,0.414,1.550,0.000,6.795,0.000,1.875,6.271,5.984,67.322,82.110,0.454,0.000,53.190,2.093,56.000,2.000,0.633,79.908,4.694,17.024,365.403,28.885,0.000,398.025,20.400,8.340
22,Camps Bay,-57198.58491,-3758918.042,18.381191,-33.955682,33,,6,5338,3.727,1762.318,16.543,11.202,18.321,2.316,36.735,0.030,17.004,3.195,0.383,2.444,0.261,2.585,0.000,0.000,7.193,0.000,37.870,98.323,0.000,0.000,59.420,3.569,12.000,1.000,0.549,60.087,4.806,12.503,33.713,42.565,0.000,25.676,7.000,5.290
29,Century City,-45111.49432,-3751559.637,18.51233,-33.889932,45,,6,4393,3.643,1678.258,12.629,10.764,44.093,1.213,33.454,0.246,11.388,2.175,0.399,5.896,0.000,165.725,0.000,3.196,5.004,8.577,42.546,69.183,11.071,10.879,48.280,3.750,50.000,10.000,7.407,51.578,3.173,16.255,166.243,41.208,0.000,145.858,12.500,171.620
39,Diep River,-49501.36804,-3767634.779,18.463968,-34.034652,32,,6,2663,3.425,3538.173,11.560,10.682,36.534,5.178,57.633,0.255,23.593,4.307,0.457,0.000,0.112,8.696,0.000,0.689,1.345,0.000,13.612,96.676,0.000,0.000,57.490,3.194,15.000,4.000,3.478,152.782,8.448,18.084,28.175,0.000,1.000,6.772,19.500,8.810
65,Hazendal,-45709.40642,-3758725.053,18.505494,-33.954504,28,,6,5034,3.702,6508.433,24.764,15.851,99.065,22.996,70.701,6.335,64.008,22.206,0.326,6.537,0.815,0.370,0.000,2.935,1.958,0.000,17.778,100.000,9.208,4.716,61.060,3.800,33.000,1.000,1.316,98.253,4.275,22.983,213.870,10.462,1.000,110.744,12.000,7.730
78,Kirstenhof,-50566.08956,-3771810.328,18.452197,-34.072244,19,,6,4821,3.683,3175.574,19.084,11.354,11.398,0.540,53.108,0.411,11.065,3.285,0.423,3.125,0.396,6.190,0.089,3.728,1.937,0.000,26.463,95.432,9.994,8.720,59.440,3.340,25.000,8.000,5.096,103.407,5.933,17.430,18.802,0.000,0.000,22.393,23.500,9.800
113,Ndabeni,-46750.35951,-3755819.696,18.494387,-33.928266,41,,6,1071,3.030,495.665,19.750,21.050,89.247,8.242,66.385,0.692,61.148,7.944,0.416,6.616,0.000,25.114,94.540,2.044,5.260,1.026,18.758,98.497,5.546,0.000,59.970,2.635,21.000,4.000,2.410,76.843,8.850,8.683,53.868,0.000,1.000,7.087,9.400,126.270
146,Schotschekloof,-54456.72666,-3754870.84,18.411104,-33.919342,27,,6,3266,3.514,3442.211,19.884,15.160,77.793,14.132,67.362,0.759,37.840,18.956,0.354,3.685,0.129,0.371,0.000,0.000,0.000,0.000,10.521,88.509,0.000,0.000,59.660,4.412,31.000,2.000,2.667,79.035,7.129,11.087,0.976,0.589,0.000,0.907,1.800,4.180
152,Simons Town,-53375.28441,-3783970.827,18.421023,-34.181728,19,,6,2845,3.454,171.155,8.054,24.346,42.114,2.786,45.418,1.012,25.564,8.477,0.284,0.000,0.469,22.766,0.000,1.499,12.981,0.000,47.873,94.249,20.103,20.103,60.390,1.417,15.000,2.000,0.980,12.273,4.261,2.880,393.202,0.000,1.000,26.911,40.900,23.240
4,Atlantis Non Urban,-48446.11257,-3717956.544,18.478137,-33.586855,14,,7,2584,3.412,7.621,22.331,15.989,68.594,26.900,60.100,5.889,58.302,17.510,0.016,0.579,0.000,0.727,0.373,34.616,56.070,13.981,149.169,88.502,67.606,53.890,75.830,16.833,14.000,0.000,0.000,0.298,0.677,0.440,1576.190,95.528,0.000,1266.756,46.900,1.680
34,Constantia,-52750.9274,-3766683.271,18.428837,-34.025918,27,,7,13284,4.123,536.323,19.264,15.694,22.379,2.948,36.439,0.153,16.579,3.898,0.347,43.777,0.000,8.166,0.000,10.905,16.256,7.201,147.844,95.728,5.228,5.228,57.840,1.570,26.000,7.000,1.790,15.786,2.645,5.969,113.147,0.000,0.000,79.701,19.300,51.950
124,Parklands,-45828.25646,-3742734.922,18.505041,-33.810345,39,,7,26403,4.422,6509.555,25.151,11.841,49.146,1.432,54.907,0.167,15.796,6.090,0.441,3.106,0.000,33.957,0.000,0.000,6.125,10.685,81.806,93.041,0.000,0.000,55.990,2.635,72.000,5.000,1.048,117.604,5.831,20.169,32.395,24.890,0.000,57.418,20.200,37.070
127,Pelikan Park,-44245.26173,-3771805.703,18.520672,-34.07249,40,,7,12663,4.103,783.576,26.339,17.453,94.158,10.671,74.337,18.114,46.712,15.241,0.481,88.034,0.000,1.711,167.605,4.196,1.332,0.000,71.875,91.849,0.000,0.000,59.490,4.788,46.000,3.000,1.205,15.408,3.464,4.448,217.316,0.000,0.000,79.085,26.600,257.350
143,Ruyterwacht,-41337.63004,-3754894.659,18.552969,-33.920153,45,,7,11191,4.049,4142.240,23.596,15.466,62.494,6.217,83.395,1.221,36.527,13.563,0.389,11.813,0.000,78.678,0.000,5.091,0.000,0.000,37.983,100.000,0.000,0.000,0.000,8.857,33.000,6.000,2.419,91.791,6.529,14.059,199.487,0.000,1.000,54.040,18.600,90.490
156,Southfield,-47616.65798,-3767721.29,18.484371,-34.03552,36,,7,7361,3.867,3860.940,20.546,13.877,63.823,3.571,67.773,0.769,22.887,7.045,0.328,3.627,0.532,3.679,9.381,2.180,1.387,0.000,31.485,97.867,0.000,0.000,59.280,7.200,34.000,3.000,1.667,94.416,5.717,16.515,38.966,0.000,1.000,23.948,19.100,17.220
163,Summer Greens,-43770.78744,-3750646.608,18.526869,-33.881758,13,,7,6685,3.825,8446.589,26.753,15.394,83.206,2.943,67.405,0.505,23.795,6.701,0.240,0.000,0.000,0.365,0.000,4.042,0.273,0.000,13.122,98.232,23.233,17.802,61.940,4.471,11.000,1.000,1.316,96.027,5.792,16.580,156.710,7.509,0.000,108.253,14.600,0.370
176,V & A Waterfront,-53586.15606,-3753420.093,18.420607,-33.906308,35,,7,1665,3.221,1850.429,2.492,2.943,54.568,0.000,30.472,0.000,14.216,0.000,0.329,0.000,0.000,22.759,0.000,0.070,0.000,4.880,10.942,100.000,0.000,0.000,60.000,1.800,14.000,0.000,0.000,50.018,4.113,12.162,80.052,21.445,0.000,15.820,3.600,22.760
60,Gordons Bay,-12197.53966,-3780569.56,18.867734,-34.152359,40,,8,16101,4.207,2610.473,18.626,12.467,31.957,2.842,66.678,0.503,30.070,10.882,0.507,6.401,0.000,15.813,5.536,0.000,12.089,0.000,91.117,84.620,0.664,0.664,53.920,2.478,69.000,2.000,0.434,74.744,5.059,14.773,13.414,0.000,0.000,35.682,55.400,27.750
73,Kenilworth,-48333.67508,-3763324.682,18.47685,-33.995852,66,18,8,11525,4.062,3327.332,16.938,13.807,41.983,2.310,41.159,0.236,18.869,3.756,0.463,100.070,8.283,8.903,0.000,1.139,5.139,0.000,41.703,97.865,3.651,3.651,59.590,2.183,48.000,16.000,5.161,89.502,7.434,12.040,81.645,0.000,1.000,85.615,15.700,117.250
1,Acacia Park,-43767.9027,-3752037.747,18.52683,-33.894299,17,12,9,879,2.944,255.328,22.332,19.537,94.139,6.272,50.108,0.000,30.673,7.992,0.360,0.000,0.000,72.770,0.000,14.265,0.446,0.000,18.558,88.982,58.258,34.541,64.140,10.625,8.000,1.000,1.176,24.704,4.580,5.394,319.729,3.425,2.000,193.001,16.400,72.770
133,Pinelands,-45472.3137,-3756607.716,18.508168,-33.935426,45,40,9,15018,4.177,2564.619,17.602,13.794,32.779,1.414,39.473,0.048,12.117,3.989,0.437,31.857,1.595,41.333,0.000,1.950,6.453,0.678,91.204,96.023,0.000,0.000,57.810,4.761,71.000,6.000,1.156,88.631,5.691,15.575,61.463,0.000,3.000,59.362,10.000,74.790
158,Steenberg,-48784.37547,-3771849.647,18.471496,-34.072682,34,12,9,4205,3.624,4682.892,20.563,15.015,98.367,19.458,72.390,1.866,62.592,18.579,0.301,4.047,0.199,0.322,0.000,0.000,0.821,0.000,12.451,100.000,0.000,0.000,60.080,8.556,8.000,2.000,2.597,85.746,6.184,13.865,13.757,0.000,0.000,16.451,23.900,4.570
27,Capricorn,-46814.6347,-3773964.945,18.49272,-34.091842,27,15,10,4657,3.668,1061.205,24.346,13.952,68.033,2.311,64.692,0.444,14.117,4.296,0.398,8.020,0.000,47.830,0.000,1.489,4.606,0.000,27.433,53.809,0.000,0.000,44.910,2.099,25.000,2.000,1.342,33.957,5.431,6.252,78.468,0.000,0.000,53.711,26.100,55.850
44,Edgemead,-42157.52684,-3749782.805,18.544347,-33.874036,29,16,10,10552,4.023,2628.547,17.071,13.037,11.126,1.019,60.362,0.085,16.283,3.933,0.444,18.864,3.491,2.335,0.000,4.716,4.518,0.000,64.015,99.736,6.259,4.307,60.520,3.514,35.000,5.000,1.282,97.155,6.092,15.947,305.230,4.426,0.000,122.543,16.500,24.680
70,Imizamo Yethu,-58982.83147,-3767009.275,18.361344,-34.028523,35,13,10,17068,4.232,29905.386,25.821,18.117,95.718,19.837,77.625,72.285,92.413,29.049,0.168,0.064,0.000,0.000,0.000,0.000,1.502,0.000,7.424,92.385,0.000,0.000,57.050,3.400,23.000,0.000,0.000,148.932,11.449,13.008,9.637,0.480,0.000,4.295,18.900,0.060
84,Kraaifontein Small Holdings,-24092.18882,-3750069.276,18.739594,-33.877187,23,10,10,4373,3.641,799.861,29.519,18.283,95.010,27.245,67.138,54.445,90.430,21.801,0.112,1.456,0.000,0.000,0.000,0.727,3.632,0.000,8.673,100.000,36.814,8.375,60.970,4.357,14.000,0.000,0.000,11.157,7.033,1.586,0.000,0.000,0.000,4.809,35.700,1.460
112,Muizenberg,-48880.22363,-3775290.732,18.470264,-34.103699,42,24,10,5884,3.770,2416.992,16.111,13.977,43.150,2.466,51.259,0.103,24.147,6.573,0.489,2.150,0.000,6.283,0.000,0.000,7.586,0.000,27.467,85.147,0.000,0.000,58.530,3.224,29.000,4.000,2.532,64.902,5.752,11.283,80.769,0.000,2.000,50.575,28.100,8.430
122,Paarden Eiland,-48786.686,-3754073.622,18.472462,-33.912433,33,18,10,12,1.064,7.262,9.293,8.458,72.771,0.000,100.000,0.000,0.000,0.000,0.039,0.000,0.000,0.000,114.065,5.190,3.587,0.000,26.289,100.000,11.937,0.000,60.500,5.000,16.000,7.000,8.235,53.222,3.233,16.460,99.740,24.999,0.000,185.571,6.200,114.060
153,Sir Lowry's Pass,-8101.672739,-3777168.295,18.91218,-34.121736,45,11,10,8803,3.945,4455.193,30.245,17.474,94.427,29.236,65.590,34.278,76.884,20.849,0.371,5.636,2.436,5.054,0.000,0.000,0.000,1.640,16.139,55.573,15.211,10.743,52.100,1.319,24.000,0.000,0.000,62.758,7.683,8.168,0.000,0.000,0.000,30.424,54.200,13.130
75,Kensington,-45243.81626,-3753813.266,18.510784,-33.910243,76,34,11,24383,4.387,7961.639,22.931,15.628,97.651,13.991,75.728,5.377,43.099,13.756,0.289,17.694,5.985,5.446,0.000,1.724,0.000,0.000,52.792,99.796,3.943,3.943,60.100,11.792,87.000,0.000,0.000,92.406,5.361,17.238,64.179,0.000,1.000,70.134,10.200,29.130
98,Marconi Beam,-45140.21185,-3749600.521,18.51212,-33.87227,55,12,11,40,1.600,21.603,14.041,7.430,78.673,22.478,53.557,0.000,0.000,0.000,0.309,0.000,0.000,38.551,130.131,0.000,7.147,2.177,16.218,100.000,0.000,0.000,60.000,2.576,26.000,12.000,14.118,46.085,5.241,8.793,213.073,18.966,0.000,281.545,13.300,168.680
183,Westlake,-51534.14722,-3772580.078,18.441665,-34.079135,35,10,11,6900,3.839,3413.709,26.903,16.517,76.977,11.713,71.519,15.710,50.293,20.469,0.554,57.791,0.000,15.646,18.332,4.546,1.201,0.000,26.471,79.977,4.541,4.541,53.770,2.136,26.000,6.000,4.255,69.756,5.327,13.096,10.559,0.000,0.000,30.343,23.100,91.770
100,Masiphumelele,-57515.89706,-3778164.828,18.37649,-34.129168,41,18,12,24077,4.382,48008.081,27.660,20.772,93.310,15.092,82.243,69.279,93.185,27.290,0.299,2.802,0.000,1.072,0.402,0.000,0.000,0.000,9.996,100.000,0.000,0.000,60.000,1.383,22.000,0.000,0.000,259.209,13.005,19.931,1.960,0.000,0.000,0.376,36.600,4.270
104,Milnerton,-46347.87048,-3747936.4,18.499155,-33.857217,74,35,12,15196,4.182,1229.083,18.588,10.912,24.538,2.702,46.169,0.197,13.877,4.486,0.424,39.439,0.000,19.416,0.000,15.063,9.328,2.062,101.015,86.418,0.000,0.000,52.470,3.117,95.000,19.000,4.450,34.537,4.227,8.170,499.719,90.708,0.000,995.864,13.100,58.860
135,Plumstead,-48686.42716,-3766433.079,18.472859,-34.023858,93,29,12,21221,4.327,4636.607,17.295,12.272,40.634,3.089,58.302,0.297,21.895,5.552,0.362,30.779,0.167,17.467,0.000,1.476,4.996,1.083,79.760,98.607,0.374,0.000,59.520,3.277,152.000,4.000,0.866,100.945,5.792,17.427,65.249,0.000,2.000,42.429,18.400,48.420
171,Tijgerhof/Sanddrift,-45937.59892,-3751022.552,18.503428,-33.885055,30,12,12,6543,3.816,3449.553,18.213,14.564,34.141,4.370,67.596,0.057,29.428,8.441,0.479,24.101,2.960,18.250,3.096,0.000,4.405,0.020,31.186,97.038,0.000,0.000,58.320,11.313,28.000,9.000,4.972,95.429,5.804,16.442,198.645,15.415,0.000,237.374,11.200,48.410
175,University of the Western Cape/ Peninsula Technikon,-34065.98141,-3756316.341,18.631549,-33.93323,29,20,12,5124,3.710,2393.237,0.929,81.215,96.918,5.673,56.443,0.000,0.000,0.000,0.171,202.744,0.000,0.000,0.000,0.000,3.435,0.000,6.696,42.704,0.000,0.000,40.000,2.444,10.000,5.000,7.576,30.829,9.857,3.128,86.843,0.000,1.000,28.530,27.600,202.740
19,Bothasig,-42545.23914,-3748277.919,18.54023,-33.860454,45,12,14,12538,4.098,3080.957,17.804,14.863,20.925,2.539,76.564,0.166,25.673,8.200,0.329,35.600,0.000,8.558,0.000,5.175,3.933,9.355,66.225,99.836,6.467,5.020,60.670,5.200,15.000,14.000,5.385,63.890,3.926,16.273,173.240,18.285,0.000,128.060,15.900,44.160
54,Fisantekraal,-26285.79973,-3739744.276,18.716191,-33.784049,44,15,14,13072,4.116,20004.570,31.158,19.378,98.686,30.239,68.554,49.810,87.592,25.032,0.382,2.232,0.000,0.000,0.000,0.000,0.763,0.966,12.517,100.000,6.972,0.000,60.470,7.071,33.000,0.000,0.000,151.498,7.909,19.155,0.000,0.000,0.000,3.314,40.300,2.230
53,Fish Hoek,-53500.82073,-3778638.972,18.419987,-34.133656,64,42,14,9696,3.987,1196.739,13.147,10.870,17.288,1.258,56.746,0.123,29.258,5.039,0.438,33.874,2.514,6.009,0.000,0.000,8.289,0.000,67.846,84.849,2.767,2.767,56.790,2.980,67.000,7.000,2.349,36.779,4.392,8.374,241.555,0.000,2.000,57.440,35.000,42.390
69,Hout Bay,-59773.75411,-3767066.008,18.352772,-34.02899,83,34,15,18208,4.260,714.450,24.466,12.219,39.529,10.127,44.438,2.972,24.784,11.697,0.501,12.844,0.000,16.898,5.243,0.000,16.779,3.610,109.411,77.331,0.218,0.218,51.580,1.586,77.000,4.000,0.870,18.049,4.204,4.293,263.298,47.921,0.000,98.667,18.100,34.980
111,Mowbray,-47515.68164,-3758122.245,18.485986,-33.948989,77,39,15,5065,3.705,1834.403,12.931,34.780,59.609,2.277,39.212,0.128,30.692,7.246,0.500,91.369,0.000,16.543,0.000,13.275,7.245,0.000,45.480,100.000,27.551,7.607,61.800,3.571,38.000,8.000,5.333,54.327,3.298,16.472,964.258,42.777,1.000,458.161,9.400,107.910
147,Scottsdene,-25507.13632,-3749118.762,18.724327,-33.868584,67,33,16,18751,4.273,9216.730,27.596,18.129,97.315,21.425,69.879,2.292,48.197,14.333,0.524,44.830,0.000,5.542,0.000,0.000,0.632,0.000,31.937,99.222,0.000,0.000,59.830,0.469,23.000,0.000,0.000,14.746,0.939,15.698,6.352,0.000,0.000,64.685,32.800,50.370
142,Rugby,-47495.20227,-3752295.504,18.486523,-33.896462,42,38,17,4665,3.669,3110.013,21.063,11.895,59.078,9.144,72.525,0.764,50.282,20.554,0.538,38.469,0.099,10.356,8.664,2.467,3.767,0.000,20.816,97.611,0.000,0.000,59.180,3.857,7.000,4.000,4.938,53.999,3.891,13.877,152.150,13.879,0.000,329.481,9.900,57.590
71,Joe Slovo Park,-45262.8671,-3749717.801,18.510789,-33.873321,68,32,18,13905,4.143,55228.290,27.512,20.921,98.685,13.986,81.922,59.324,89.346,23.859,0.169,0.501,0.000,0.672,0.000,0.000,0.392,0.287,8.321,100.000,0.000,0.000,60.000,13.833,12.000,1.000,1.205,329.653,9.975,33.049,0.000,1.518,0.000,17.443,13.100,1.170
52,Firgrove Rural,-18236.70094,-3772329.197,18.802421,-34.077984,65,31,19,1212,3.084,63.126,24.905,12.393,32.119,2.709,42.924,3.322,21.038,3.823,0.384,8.603,0.000,180.496,1162.477,12.642,22.659,3.465,71.642,84.810,35.534,33.808,50.600,4.053,69.000,10.000,3.289,15.832,4.243,3.731,340.679,0.000,1.000,236.823,47.300,1351.580
57,Gardens,-54669.17706,-3756656.04,18.408695,-33.935424,90,24,19,8533,3.931,4479.577,10.851,17.454,32.659,2.566,31.657,0.090,18.334,3.445,0.498,0.533,0.294,26.985,0.000,0.901,4.725,0.000,34.055,97.469,0.000,0.000,59.380,3.149,48.000,12.000,5.687,110.765,6.196,17.877,5.423,32.277,0.000,19.325,2.600,27.810
21,Brooklyn,-47829.80952,-3753793.462,18.482824,-33.909951,102,43,20,11608,4.065,7356.310,23.627,14.353,67.882,6.309,78.614,0.679,49.961,15.337,0.507,10.032,0.116,14.417,15.234,2.150,4.665,0.000,30.979,100.000,4.874,0.000,60.340,5.742,46.000,5.000,2.809,112.806,5.746,19.633,156.393,5.486,0.000,370.842,7.000,39.800
77,Killarney Gardens,-43519.18821,-3745158.813,18.529859,-33.832295,61,13,20,0,#NUM!,0.000,0.000,0.000,0.000,0.000,0.000,0.000,0.000,0.000,0.293,5.590,0.000,4.804,247.254,1.145,6.630,0.614,20.259,58.219,2.888,2.888,40.980,3.417,19.000,7.000,8.537,18.671,4.048,4.613,621.696,18.782,0.000,437.169,17.700,257.640
120,Ottery,-45309.66254,-3765282.336,18.509479,-34.013635,103,45,20,18241,4.261,3010.084,22.048,16.436,82.157,5.713,68.032,3.316,21.106,8.232,0.586,43.976,3.534,56.961,48.279,0.000,13.443,0.000,79.763,94.868,0.000,0.000,57.970,3.036,75.000,6.000,1.432,69.142,5.253,13.162,384.343,0.000,0.000,137.605,20.900,152.750
148,Sea Point,-56687.88855,-3755059.39,18.386965,-33.920924,96,50,22,17273,4.237,6417.652,11.805,10.289,26.152,2.874,44.959,0.055,24.365,4.883,0.441,0.000,0.356,10.760,0.000,0.000,9.240,0.000,51.153,91.549,0.000,0.000,58.990,2.990,88.000,9.000,3.072,108.860,5.728,19.005,61.316,55.151,0.000,87.545,4.900,11.120
61,Grassy Park,-46389.51344,-3769081.632,18.497587,-34.047838,135,23,24,19436,4.289,5991.975,21.407,15.297,97.417,9.447,74.331,0.791,39.253,13.053,0.264,17.119,0.000,13.704,0.000,2.584,4.858,0.000,51.978,100.000,0.000,0.000,60.230,4.845,72.000,9.000,3.203,86.630,5.406,16.024,132.990,0.000,0.000,70.539,20.400,30.820
117,Observatory,-48827.8648,-3756888.11,18.47186,-33.937803,134,27,24,9817,3.992,3162.676,12.163,30.462,61.546,3.221,48.576,0.118,34.942,8.341,0.616,88.142,0.000,42.730,0.000,10.526,6.689,0.000,50.871,99.475,16.595,0.000,61.450,4.397,60.000,9.000,3.529,82.155,5.013,16.389,626.074,43.201,1.000,303.453,6.400,130.870
141,Rondebosch/Rosebank,-48183.09319,-3759727.704,18.478678,-33.963432,101,31,24,20790,4.318,2764.426,13.912,31.539,38.555,1.340,29.544,0.211,25.485,4.281,0.466,188.121,0.810,10.599,0.000,7.053,20.333,0.000,110.474,100.000,3.554,1.695,60.280,2.864,128.000,21.000,3.216,86.828,5.911,14.690,213.808,0.000,2.000,124.967,9.200,199.530
144,Salt River,-49341.6237,-3755732.059,18.466368,-33.927358,124,42,24,6887,3.838,2506.355,17.709,26.026,88.211,8.162,69.622,0.207,46.019,17.272,0.449,6.121,0.000,37.320,44.019,6.852,7.913,0.000,35.580,100.000,17.128,0.000,60.750,3.756,40.000,5.000,3.247,56.046,4.328,12.949,470.692,21.929,3.000,263.756,6.200,87.460
154,Somerset West,-13947.94765,-3771677.393,18.848899,-34.072175,232,103,24,46500,4.667,1512.165,18.321,11.506,24.868,3.422,45.134,0.391,22.265,5.505,0.515,212.141,13.707,69.215,2.247,6.811,33.073,11.352,360.341,80.278,6.368,4.882,53.980,2.619,256.000,29.000,1.988,47.446,4.049,11.718,379.759,0.000,2.000,373.754,46.800,297.320
190,Zonnebloem,-52430.28926,-3756239.018,18.432936,-33.931778,98,28,25,5421,3.734,3824.068,15.110,26.324,72.828,6.043,65.419,0.277,46.481,14.782,0.546,30.162,0.000,22.949,0.000,3.343,2.649,0.000,26.591,98.395,5.898,0.000,60.070,4.359,39.000,13.000,7.647,119.920,6.393,18.758,177.221,22.340,0.000,109.054,2.300,53.110
90,Lavender Hill,-47265.55653,-3771905.934,18.487946,-34.07326,118,37,26,32861,4.517,15674.781,28.371,18.785,99.245,25.499,73.118,13.881,78.886,41.111,0.442,36.057,0.000,1.191,0.000,0.000,3.505,0.000,44.137,99.182,0.000,0.000,60.360,9.800,65.000,2.000,0.680,140.238,6.661,21.053,59.908,0.000,0.000,70.369,23.100,37.250
179,Vrygrond,-47471.09565,-3773029.56,18.485658,-34.083379,60,10,26,19784,4.296,20634.312,29.585,18.454,93.721,22.124,74.581,32.949,90.267,28.325,0.366,9.947,0.000,0.328,0.000,0.000,1.678,0.000,15.112,100.000,0.000,0.000,60.410,1.667,11.000,0.000,0.000,99.082,6.286,15.761,6.033,0.000,0.000,25.557,24.500,10.280
3,Atlantis,-48151.75506,-3716400.247,18.481375,-33.572827,105,61,28,68709,4.837,2382.115,28.092,18.257,98.230,18.395,78.267,11.750,66.590,25.545,0.555,147.024,9.649,26.310,916.792,0.000,20.820,23.011,192.682,98.540,2.838,0.000,59.790,4.468,125.000,0.000,0.000,23.853,3.571,6.680,1262.521,162.409,0.000,636.332,49.600,1099.770
89,Lansdowne,-45973.4165,-3762984.828,18.502414,-33.992894,152,61,28,18879,4.276,4106.458,21.478,14.823,84.450,5.887,67.080,0.774,25.874,9.105,0.381,32.193,5.019,11.511,19.503,5.210,9.509,0.000,79.804,99.999,6.792,6.792,60.500,8.950,123.000,8.000,2.235,77.869,4.486,17.358,482.529,0.000,1.000,228.736,15.700,68.220
62,Green Point,-54862.93066,-3753452.363,18.406801,-33.906533,115,23,29,9938,3.997,3771.874,8.950,11.538,33.521,1.893,40.233,0.045,20.239,5.144,0.473,29.949,0.074,12.129,0.000,1.729,8.199,3.973,39.211,94.110,0.000,0.000,59.320,3.554,33.000,12.000,5.195,87.674,5.891,14.882,75.662,64.779,0.000,86.360,3.000,42.150
107,Montague Gardens,-44071.66131,-3748362.317,18.523731,-33.861153,101,27,29,24,1.377,5.623,0.000,16.372,100.000,22.952,45.888,0.000,100.000,17.532,0.304,0.000,0.000,79.132,289.868,4.372,4.345,5.474,36.873,100.000,8.822,8.822,61.250,5.375,23.000,14.000,16.279,20.308,2.332,8.707,929.016,14.095,0.000,504.392,15.600,369.000
168,Table View,-46522.77402,-3744443.423,18.497452,-33.825717,135,42,29,27746,4.443,3006.837,17.588,13.259,21.260,1.602,59.332,0.070,18.920,5.865,0.461,72.721,0.306,32.354,0.000,4.377,13.549,7.793,131.140,97.392,0.034,0.034,57.670,1.987,107.000,14.000,1.840,82.469,5.803,14.212,935.609,86.156,0.000,821.364,19.300,105.380
43,Durbanville,-31979.20714,-3744764.942,18.65454,-33.829157,134,44,30,43635,4.640,2004.684,20.271,11.493,17.275,2.524,46.444,0.146,15.912,3.759,0.477,40.338,0.000,58.474,0.000,0.000,28.880,24.086,257.449,84.025,0.401,0.106,51.040,2.446,179.000,20.000,1.665,55.177,4.665,11.828,204.484,0.000,0.000,129.158,29.400,98.810
138,Retreat,-48651.67856,-3770629.484,18.473001,-34.061689,178,63,31,36235,4.559,5882.533,23.031,15.728,95.307,15.901,74.922,4.245,49.151,16.919,0.437,53.994,0.792,24.962,49.733,0.467,9.515,0.005,87.600,99.671,0.000,0.000,59.980,5.762,104.000,11.000,2.273,78.575,5.525,14.221,135.012,0.000,2.000,168.902,22.500,129.470
30,Claremont,-48781.46827,-3762003.737,18.472077,-33.983922,177,54,38,18268,4.262,3504.724,15.816,19.044,32.053,1.767,38.554,0.063,18.679,4.514,0.416,21.813,0.372,49.245,12.212,3.578,12.789,0.000,99.012,99.740,0.663,0.663,60.070,5.106,161.000,27.000,4.299,120.485,6.343,18.996,395.395,0.000,2.000,177.689,12.900,83.640
47,Epping Industria,-41908.85921,-3756478.049,18.546716,-33.934404,200,91,41,52,1.715,8.390,23.926,11.063,95.978,29.804,70.196,0.000,0.000,0.000,0.204,0.494,0.256,3.348,433.524,8.699,1.615,11.700,38.547,100.000,0.000,0.000,60.260,2.007,39.000,8.000,2.847,45.495,7.290,6.241,861.260,0.000,2.000,162.637,17.600,437.620
186,Wynberg,-49312.43213,-3764489.271,18.466192,-34.006305,244,93,41,15068,4.178,2974.685,18.851,14.791,69.904,4.971,62.194,0.265,28.575,8.654,0.597,39.422,0.571,32.376,0.000,5.191,11.396,0.000,75.269,91.340,5.698,4.733,57.730,3.385,87.000,17.000,3.864,86.866,5.846,14.860,235.374,0.000,2.000,164.303,14.600,72.370
25,Cape Town International Airport,-36331.29029,-3760600.581,18.606871,-33.971778,131,64,42,0,#NUM!,0.000,0.000,0.000,0.000,0.000,0.000,0.000,0.000,0.000,0.190,0.000,0.000,10.123,238.190,21.179,4.870,0.002,52.267,86.510,24.472,20.580,63.480,2.969,29.000,10.000,5.181,11.222,3.693,3.039,1381.128,45.281,0.000,345.646,22.700,248.310
92,Lotus River,-44936.87799,-3767575.505,18.513397,-34.034324,169,67,42,38481,4.585,7682.805,24.962,16.327,96.955,17.223,75.449,2.021,52.300,18.927,0.465,68.961,0.000,8.844,3.707,0.000,8.712,0.103,71.552,99.927,0.000,0.000,60.060,3.299,58.000,10.000,2.591,77.066,5.395,14.286,175.731,0.000,0.000,66.247,22.100,81.510
64,Hanover Park,-43603.05548,-3762883.34,18.528074,-33.99208,144,42,45,45757,4.660,11514.355,27.824,17.576,98.711,22.250,74.139,4.435,73.686,34.702,0.438,64.546,0.717,5.571,22.158,2.423,4.318,0.014,76.167,100.000,1.361,0.000,60.070,6.444,59.000,13.000,2.802,116.761,6.092,19.167,681.817,1.962,0.000,190.641,17.800,93.000
93,Macassar,-23671.34661,-3770026.932,18.743603,-34.05712,199,61,46,32820,4.516,1213.219,28.657,17.464,97.984,22.971,73.374,7.480,67.313,22.972,0.442,56.092,0.000,15.920,70.680,18.919,15.947,0.002,110.628,98.431,20.612,18.868,61.610,3.000,49.000,2.000,0.702,10.535,2.576,4.089,569.287,0.000,0.000,217.691,39.300,142.690
151,Silvertown,-44016.13781,-3759047.048,18.523796,-33.957479,202,58,51,27346,4.437,5313.663,22.361,17.001,99.270,15.347,80.922,1.584,55.365,19.121,0.434,65.688,1.979,18.635,0.000,8.880,6.505,0.028,74.878,100.000,6.731,6.230,60.710,5.064,89.000,11.000,2.785,76.754,5.275,14.550,987.845,35.696,0.000,662.717,13.500,86.310
67,Heideveld,-41527.64458,-3759825.341,18.550681,-33.964596,192,30,53,21488,4.332,7689.435,24.362,17.645,97.544,19.969,72.794,5.063,59.949,29.266,0.448,53.868,1.940,1.317,0.000,7.182,6.104,0.020,53.971,98.032,5.300,4.235,59.920,11.409,34.000,12.000,4.781,89.820,4.651,19.313,1039.416,18.648,0.000,410.292,17.500,57.130
88,Langa,-43401.8149,-3757757.681,18.530506,-33.94588,127,25,57,57878,4.763,18729.187,27.222,18.787,99.598,13.208,80.384,35.483,82.692,35.803,0.510,60.430,0.000,3.620,0.552,4.467,0.000,0.000,45.133,100.000,5.396,5.396,60.810,4.964,55.000,3.000,1.079,89.960,6.160,14.605,442.465,18.124,0.000,167.474,13.000,64.600
18,Bonteheuwel,-41119.76234,-3758348.533,18.555163,-33.951299,256,99,58,53426,4.728,12375.184,26.883,17.454,98.769,24.382,73.983,8.464,69.072,26.638,0.305,53.172,0.000,7.635,0.000,10.443,2.118,0.000,72.120,100.000,4.196,4.196,60.510,13.364,38.000,8.000,2.721,68.101,4.077,16.705,867.038,20.059,1.000,286.029,14.300,60.800
20,Brackenfell,-28144.62035,-3750296.629,18.695787,-33.879137,223,127,58,56228,4.750,2180.200,20.498,13.278,34.736,2.225,62.923,0.226,18.292,5.883,0.639,69.413,14.552,272.208,194.134,19.316,36.044,8.039,324.843,93.184,5.131,5.131,57.000,2.979,219.000,30.000,2.304,50.484,4.008,12.595,237.932,0.000,1.000,276.802,32.800,550.300
7,Bellville Non Urban,-31141.87007,-3734926.745,18.663923,-33.740497,111,50,60,8002,3.903,16.076,27.343,19.048,74.784,29.948,50.444,3.281,41.925,7.767,0.059,10.793,0.000,60.235,143.334,50.224,159.503,25.665,358.160,93.175,52.414,37.840,63.500,3.040,75.000,13.000,3.394,0.769,1.069,0.720,446.255,11.024,0.000,687.184,44.600,214.350
12,Bishop Lavis,-39027.04812,-3758165.758,18.57781,-33.949731,242,57,60,54576,4.737,10554.855,26.366,16.807,98.074,22.304,71.505,13.695,62.888,25.370,0.404,61.090,0.074,3.111,0.000,3.971,3.077,0.000,83.556,100.000,0.581,0.581,60.330,8.576,54.000,10.000,1.976,97.860,6.056,16.160,299.887,1.095,1.000,62.157,17.200,64.270
94,Maitland,-45885.98608,-3754836.895,18.503786,-33.919443,279,95,60,10252,4.011,2597.188,23.704,15.349,93.416,8.515,72.422,5.074,46.029,12.751,0.487,10.502,0.495,93.461,0.000,6.605,8.728,0.000,48.084,99.159,9.001,2.086,60.370,5.651,74.000,7.000,2.881,61.561,5.054,12.181,434.854,6.340,2.000,407.729,8.500,104.450
180,Wallacedene,-24175.384,-3747836.347,18.738755,-33.857053,182,83,62,39759,4.599,20843.358,31.062,19.406,96.759,24.207,73.489,39.664,91.230,31.681,0.322,24.046,0.000,2.384,0.000,0.000,2.062,0.000,49.512,99.680,0.000,0.000,59.960,5.618,110.000,0.000,0.000,223.849,8.624,25.956,0.469,0.000,0.000,13.749,36.100,26.430
9,Bellville South,-33804.43854,-3755232.52,18.634419,-33.923467,198,56,64,24941,4.397,1919.909,24.052,17.090,95.083,16.849,72.057,5.972,51.160,19.525,0.488,60.273,2.296,10.221,449.888,1.071,13.684,4.740,86.271,97.670,0.619,0.619,59.930,2.759,78.000,12.000,2.500,36.949,5.564,6.641,830.790,0.000,2.000,201.583,25.500,522.680
185,Woodstock,-50999.39679,-3755843.819,18.448434,-33.928286,259,58,67,13124,4.118,3420.450,19.840,15.517,79.561,8.623,62.218,0.782,33.812,12.804,0.467,0.833,0.646,76.638,12.912,15.001,8.897,0.000,74.855,100.000,19.254,0.170,61.450,5.842,80.000,6.000,1.802,86.787,4.449,19.509,949.692,73.002,2.000,491.858,3.400,91.030
42,Dunoon,-42522.54833,-3743569.682,18.540702,-33.818009,203,29,76,34151,4.533,33714.933,29.246,18.726,95.448,17.538,78.960,51.945,89.876,32.756,0.352,4.812,0.000,1.414,0.000,0.956,0.615,0.000,20.263,98.357,3.731,3.731,60.000,1.835,37.000,2.000,1.379,143.147,7.156,20.004,18.163,8.127,0.000,54.759,20.200,6.220
2,Athlone,-44895.11857,-3760912.826,18.514191,-33.974261,354,103,80,44788,4.651,4860.250,19.469,15.292,92.438,8.867,67.925,3.558,34.831,10.977,0.403,113.987,16.347,22.955,20.175,4.694,9.920,7.642,151.766,99.954,2.036,1.963,60.190,9.571,204.000,22.000,3.648,65.436,3.973,16.469,672.455,1.577,2.000,364.506,12.200,173.480
15,Bloekombos,-23680.16495,-3746229.742,18.74415,-33.842581,199,91,81,33884,4.530,10354.052,30.585,20.084,98.209,23.635,73.098,21.212,89.889,30.576,0.541,16.456,0.000,1.867,43.176,1.987,4.228,1.783,42.411,97.137,3.891,3.891,60.070,4.881,95.000,1.000,0.347,88.004,6.791,12.960,6.771,0.000,0.000,47.898,36.000,61.510
45,Eersterivier,-25680.42041,-3765421.406,18.721976,-34.015553,214,89,86,42425,4.628,2627.367,26.977,18.167,95.422,13.771,76.947,4.170,41.745,19.644,0.651,78.909,0.000,220.058,29.952,7.365,13.937,1.262,152.955,92.922,8.635,6.874,59.530,2.987,133.000,3.000,0.424,43.846,4.629,9.472,839.703,0.098,1.000,150.627,34.500,328.920
131,Philippi Small Holdings,-41299.89539,-3767834.937,18.552769,-34.036815,218,88,86,6770,3.831,197.870,30.296,17.318,89.502,28.515,65.225,25.825,71.910,18.514,0.115,0.000,0.000,22.177,113.524,14.537,17.706,3.133,83.432,91.201,20.966,20.658,62.270,1.787,34.000,17.000,10.692,4.647,1.906,2.438,1734.176,19.284,0.000,443.250,24.500,135.700
35,Crossroads,-36702.34585,-3763037.377,18.602754,-33.993732,181,48,88,39721,4.599,16905.622,31.034,19.040,99.693,23.492,72.808,40.825,90.428,40.028,0.328,17.333,0.000,5.216,0.000,3.802,3.148,0.000,47.338,100.000,9.217,9.217,60.410,3.813,76.000,3.000,1.049,121.724,6.042,20.147,618.500,16.909,0.000,256.275,22.500,22.550
59,Goodwood,-41400.1676,-3752873.43,18.552388,-33.901929,384,159,89,34105,4.533,4549.506,18.869,13.957,52.126,3.857,72.054,0.156,26.644,7.106,0.484,50.433,2.181,89.897,0.000,6.252,22.667,1.678,137.485,98.024,1.227,1.001,59.770,12.892,243.000,26.000,5.451,63.631,3.469,18.340,768.641,0.000,2.000,406.444,16.600,142.510
85,Kuils River,-28921.31741,-3755908.003,18.687203,-33.929704,418,420,94,72159,4.858,3080.248,24.168,15.572,77.107,8.129,64.047,5.502,29.606,11.998,0.544,154.197,2.930,71.002,64.247,20.412,16.929,6.853,280.226,92.502,5.595,3.635,57.220,2.993,234.000,27.000,2.036,56.603,4.732,11.962,636.620,0.000,1.000,311.573,32.200,292.380
14,Blackheath,-27529.85281,-3761623.782,18.702077,-33.981272,344,232,99,60143,4.779,3992.075,26.894,17.519,97.570,16.836,74.569,14.239,48.955,22.595,0.634,87.381,0.000,28.378,353.650,1.254,17.426,2.380,192.716,99.372,0.787,0.532,60.000,3.167,144.000,10.000,0.960,69.165,5.407,12.792,1109.821,0.000,2.000,249.020,31.500,469.410
83,Kraaifontein,-26999.00719,-3745817.259,18.708306,-33.838782,410,291,104,65811,4.818,3369.042,23.362,13.596,51.095,6.214,72.531,0.859,26.275,7.906,0.485,77.829,7.470,108.601,70.549,13.400,24.185,7.118,306.130,83.727,3.334,3.334,53.420,4.547,374.000,16.000,1.275,64.247,4.100,15.672,166.468,0.000,2.000,281.693,32.900,264.450
126,Parow,-37724.08665,-3753188.899,18.59212,-33.904912,570,431,105,72173,4.858,4862.121,21.058,15.233,68.893,8.703,73.814,1.065,35.595,12.451,0.561,136.259,34.594,52.787,110.213,17.519,34.318,1.983,244.561,99.927,3.263,3.242,60.600,6.026,361.000,39.000,4.203,62.517,3.795,16.476,619.514,0.000,5.000,385.600,20.400,333.850
17,Blue Downs,-30219.2915,-3761024.086,18.672993,-33.97579,327,237,117,51902,4.715,4451.966,30.996,17.965,98.256,17.650,73.089,6.785,59.221,23.188,0.544,68.710,0.000,12.188,6.867,9.551,10.250,4.950,140.489,88.802,6.312,5.514,55.660,3.690,131.000,9.000,1.238,62.360,5.175,12.051,1685.112,0.000,0.000,275.910,29.100,87.770
97,Manenberg,-41648.94819,-3762065.104,18.549262,-33.984784,381,287,121,62542,4.796,9449.527,27.745,17.930,96.275,21.992,73.814,6.408,73.093,35.033,0.545,70.110,4.233,10.427,43.458,6.584,11.177,1.931,105.194,100.000,3.686,0.002,60.170,5.043,96.000,11.000,2.321,71.617,4.506,15.894,1159.967,6.184,0.000,378.953,18.900,128.230
5,Belhar,-33925.07728,-3757657.545,18.633021,-33.945325,416,199,125,56812,4.754,6952.773,24.799,18.020,95.893,15.701,74.477,1.479,47.544,20.692,0.484,132.664,0.000,33.989,2.514,11.145,12.695,2.165,134.980,99.029,6.774,0.959,60.060,3.273,99.000,14.000,2.205,77.713,4.704,16.519,927.689,0.000,1.000,516.889,22.100,169.160
6,Bellville,-32575.75607,-3752143.776,18.647821,-33.89566,662,342,138,47036,4.672,2634.920,17.757,13.990,34.710,3.057,63.781,0.256,24.643,6.786,0.595,235.500,26.875,81.418,239.503,23.279,49.639,0.731,283.603,97.768,5.950,5.950,59.500,3.216,260.000,49.000,4.776,57.475,3.618,15.887,960.044,0.000,2.000,474.016,24.400,583.290
24,Cape Town CBD,-53344.34619,-3755151.449,18.423116,-33.921928,784,528,155,6051,3.782,2101.165,4.841,24.388,63.409,2.338,32.294,0.123,20.543,4.815,0.627,4.846,0.000,101.639,0.000,6.942,18.830,0.141,67.331,99.570,10.575,0.000,60.290,7.333,152.000,81.000,23.011,122.235,5.228,23.381,532.352,124.217,1.000,314.971,0.010,106.490
116,Nyanga,-38603.77444,-3762979.168,18.582176,-33.99314,362,390,176,64053,4.807,20735.054,29.076,18.781,99.169,18.239,76.423,27.618,87.133,40.578,0.385,41.596,0.000,4.188,0.107,0.000,5.954,0.000,74.012,100.000,0.000,0.000,60.000,6.682,62.000,10.000,2.268,142.760,5.958,23.959,983.655,0.000,0.000,264.852,21.500,45.900
162,Strand,-13560.78451,-3777097.16,18.85301,-34.121039,811,555,181,124461,5.095,5764.510,27.293,16.900,81.058,15.541,72.412,17.551,66.158,23.916,0.677,63.517,1.771,84.442,197.800,0.000,30.425,7.713,284.375,92.115,2.113,0.413,57.920,2.142,485.000,22.000,1.330,76.606,5.816,13.171,155.002,0.000,1.000,381.771,49.600,347.530
46,Elsies River,-38719.19677,-3755813.793,18.581246,-33.928539,660,209,192,91357,4.961,9674.297,26.736,17.433,98.655,22.215,73.849,10.732,67.338,23.163,0.468,161.618,10.845,12.167,111.330,5.526,20.156,0.000,151.698,100.000,0.000,0.000,60.160,2.367,174.000,23.000,2.700,90.223,5.616,16.064,690.834,0.000,1.000,402.803,21.200,295.960
103,Mfuleni,-30687.7486,-3763983.462,18.667819,-34.002455,415,231,204,70820,4.850,4821.001,32.459,17.939,99.185,15.827,80.917,42.365,88.329,35.243,0.449,43.956,0.000,3.342,24.145,15.493,7.042,0.000,129.321,99.147,18.620,18.620,61.140,5.348,216.000,0.000,0.000,50.238,5.707,8.803,921.850,18.066,0.000,286.883,31.800,71.450
63,Gugulethu,-39796.14293,-3761865.219,18.569322,-33.983054,640,422,303,108707,5.036,16737.542,27.583,17.432,99.559,13.663,80.942,41.613,82.282,35.302,0.468,119.527,0.030,13.325,0.384,5.506,11.102,0.000,101.194,99.742,4.889,3.959,60.360,6.414,108.000,7.000,1.102,97.771,6.275,15.581,1106.983,23.989,2.000,630.739,17.800,133.260
106,Mitchells Plain,-36375.61307,-3769625.418,18.606012,-34.053137,1238,653,338,314215,5.497,7180.816,26.826,16.971,98.665,15.472,78.418,3.098,51.202,23.333,0.455,495.502,0.651,83.929,8.916,24.466,68.928,4.024,632.041,97.329,3.000,2.100,59.470,3.513,583.000,51.000,1.602,72.742,5.036,14.444,5102.329,94.325,4.000,1047.389,28.600,589.000
38,Delft,-33335.36948,-3760763.888,18.639281,-33.973351,873,562,339,159882,5.204,14423.280,31.450,18.992,98.065,19.382,77.528,13.672,83.471,38.725,0.548,137.194,0.157,11.761,2.409,9.428,12.915,2.718,241.193,97.507,3.945,3.680,59.760,5.679,417.000,6.000,0.394,137.303,6.310,21.759,1552.187,5.879,0.000,521.390,27.700,151.520
130,Philippi,-37469.59334,-3764762.388,18.594375,-34.009256,1063,431,500,210064,5.322,16705.166,30.525,19.099,98.971,17.042,79.410,50.778,89.396,34.034,0.483,69.465,0.256,33.489,215.809,6.097,19.241,0.450,199.785,98.603,2.121,2.121,59.780,3.370,260.000,16.000,1.099,115.787,7.288,15.888,1781.075,17.274,1.000,585.018,21.900,319.020
76,Khayelitsha,-30268.78421,-3768291.176,18.672208,-34.041302,1946,761,821,432545,5.636,11173.971,29.945,19.375,99.321,15.417,79.989,49.031,84.800,33.737,0.462,240.401,0.185,68.217,27.713,15.639,55.055,0.000,495.754,99.750,4.457,4.268,60.250,2.849,556.000,9.000,0.283,82.123,6.412,12.807,6935.857,42.059,5.000,509.785,33.400,336.520
